{
    "outputs": {
        "air_pump": {
            "enabled": true,
            "type": "relay",
            "pin": 26,
            "active_low": true,
            "default_state": "off",
            "description": "Air pump for oxygenating water"
        },
        "water_pump": {
            "enabled": true,
            "type": "relay",
            "pin": 20,
            "active_low": true,
            "default_state": "off",
            "description": "Tank water pump"
        },
        "plant_tower_pump": {
            "enabled": true,
            "type": "relay",
            "pin": 19,
            "active_low": true,
            "default_state": "off",
            "description": "Plant tower water circulation pump"
        },
        "nutrient_pump_a": {
            "enabled": true,
            "type": "relay",
            "pin": 21,
            "active_low": true,
            "default_state": "off",
            "description": "Nutrient solution A dosing pump"
        }
    }
}