{
    "sensors": {
        "ph": {
            "enabled": true,
            "type": "ph",
            "interface": "i2c",
            "i2c_address": 72,
            "channel": 0,
            "calibration": {
                "ph_4_voltage": 3.1,
                "ph_7_voltage": 2.5
            }
        },
        "water_level": {
            "enabled": true,
            "type": "water_level",
            "subtype": "ultrasonic",
            "interface": "gpio",
            "trigger_pin": 23,
            "echo_pin": 24,
            "tank_height_cm": 30.0,
            "tank_empty_distance": 25.0,
            "tank_full_distance": 5.0
        }
    }
}